sample_id,speaker,sample_number,mapped_transcript_number,audio_path,blendshape_path,phoneme_path,word_alignment_path,text,duration_sec,n_frames,fps,split_type
spk08_0005,spk08,5,5,C:\Users\Administrator\Documents\govorne tehnologije\data\extracted\audio_synth\synth\spk08_0005.wav,,,,5,3.6300226757369614,218,60,synth
spk08_0006,spk08,6,6,C:\Users\Administrator\Documents\govorne tehnologije\data\extracted\audio_synth\synth\spk08_0006.wav,,,,6,2.8900226757369616,173,60,synth
spk08_0007,spk08,7,7,C:\Users\Administrator\Documents\govorne tehnologije\data\extracted\audio_synth\synth\spk08_0007.wav,,,,7,3.2400453514739227,194,60,synth
spk08_0008,spk08,8,8,C:\Users\Administrator\Documents\govorne tehnologije\data\extracted\audio_synth\synth\spk08_0008.wav,,,,8,3.0300226757369613,182,60,synth
spk08_0009,spk08,9,9,C:\Users\Administrator\Documents\govorne tehnologije\data\extracted\audio_synth\synth\spk08_0009.wav,,,,9,3.345034013605442,201,60,synth
spk08_0010,spk08,10,10,C:\Users\Administrator\Documents\govorne tehnologije\data\extracted\audio_synth\synth\spk08_0010.wav,,,,10,5.3350113378684805,320,60,synth
spk08_0011,spk08,11,11,C:\Users\Administrator\Documents\govorne tehnologije\data\extracted\audio_synth\synth\spk08_0011.wav,,,,11,2.5350113378684807,152,60,synth
spk08_0012,spk08,12,12,C:\Users\Administrator\Documents\govorne tehnologije\data\extracted\audio_synth\synth\spk08_0012.wav,,,,12,2.6550113378684808,159,60,synth
spk08_0013,spk08,13,13,C:\Users\Administrator\Documents\govorne tehnologije\data\extracted\audio_synth\synth\spk08_0013.wav,,,,13,3.0950113378684807,186,60,synth
spk08_0014,spk08,14,14,C:\Users\Administrator\Documents\govorne tehnologije\data\extracted\audio_synth\synth\spk08_0014.wav,,,,14,3.5500226757369613,213,60,synth
spk08_0015,spk08,15,15,C:\Users\Administrator\Documents\govorne tehnologije\data\extracted\audio_synth\synth\spk08_0015.wav,,,,15,2.605034013605442,156,60,synth
spk08_0016,spk08,16,16,C:\Users\Administrator\Documents\govorne tehnologije\data\extracted\audio_synth\synth\spk08_0016.wav,,,,16,4.780045351473923,287,60,synth
spk08_0017,spk08,17,17,C:\Users\Administrator\Documents\govorne tehnologije\data\extracted\audio_synth\synth\spk08_0017.wav,,,,17,3.9850340136054423,239,60,synth
spk08_0018,spk08,18,18,C:\Users\Administrator\Documents\govorne tehnologije\data\extracted\audio_synth\synth\spk08_0018.wav,,,,18,2.9650340136054423,178,60,synth
spk08_0019,spk08,19,19,C:\Users\Administrator\Documents\govorne tehnologije\data\extracted\audio_synth\synth\spk08_0019.wav,,,,19,2.1750113378684808,131,60,synth
spk08_0020,spk08,20,20,C:\Users\Administrator\Documents\govorne tehnologije\data\extracted\audio_synth\synth\spk08_0020.wav,,,,20,2.2300226757369614,134,60,synth
spk08_0021,spk08,21,21,C:\Users\Administrator\Documents\govorne tehnologije\data\extracted\audio_synth\synth\spk08_0021.wav,,,,21,3.6700226757369614,220,60,synth
spk08_0022,spk08,22,22,C:\Users\Administrator\Documents\govorne tehnologije\data\extracted\audio_synth\synth\spk08_0022.wav,,,,22,3.2400453514739227,194,60,synth
spk08_0023,spk08,23,23,C:\Users\Administrator\Documents\govorne tehnologije\data\extracted\audio_synth\synth\spk08_0023.wav,,,,23,3.4050340136054422,204,60,synth
spk08_0024,spk08,24,24,C:\Users\Administrator\Documents\govorne tehnologije\data\extracted\audio_synth\synth\spk08_0024.wav,,,,24,2.775011337868481,167,60,synth
spk08_0025,spk08,25,25,C:\Users\Administrator\Documents\govorne tehnologije\data\extracted\audio_synth\synth\spk08_0025.wav,,,,25,3.9650340136054423,238,60,synth
spk08_0026,spk08,26,26,C:\Users\Administrator\Documents\govorne tehnologije\data\extracted\audio_synth\synth\spk08_0026.wav,,,,26,2.7500226757369615,165,60,synth
spk08_0027,spk08,27,27,C:\Users\Administrator\Documents\govorne tehnologije\data\extracted\audio_synth\synth\spk08_0027.wav,,,,27,3.3200453514739228,199,60,synth
spk08_0028,spk08,28,28,C:\Users\Administrator\Documents\govorne tehnologije\data\extracted\audio_synth\synth\spk08_0028.wav,,,,28,2.865034013605442,172,60,synth
spk08_0029,spk08,29,29,C:\Users\Administrator\Documents\govorne tehnologije\data\extracted\audio_synth\synth\spk08_0029.wav,,,,29,3.715011337868481,223,60,synth
spk08_0030,spk08,30,30,C:\Users\Administrator\Documents\govorne tehnologije\data\extracted\audio_synth\synth\spk08_0030.wav,,,,30,3.685034013605442,221,60,synth
spk08_0031,spk08,31,31,C:\Users\Administrator\Documents\govorne tehnologije\data\extracted\audio_synth\synth\spk08_0031.wav,,,,31,2.0550113378684807,123,60,synth
spk08_0032,spk08,32,32,C:\Users\Administrator\Documents\govorne tehnologije\data\extracted\audio_synth\synth\spk08_0032.wav,,,,32,2.335011337868481,140,60,synth
spk08_0033,spk08,33,33,C:\Users\Administrator\Documents\govorne tehnologije\data\extracted\audio_synth\synth\spk08_0033.wav,,,,33,2.835011337868481,170,60,synth
spk08_0034,spk08,34,34,C:\Users\Administrator\Documents\govorne tehnologije\data\extracted\audio_synth\synth\spk08_0034.wav,,,,34,2.840045351473923,170,60,synth
spk08_0035,spk08,35,35,C:\Users\Administrator\Documents\govorne tehnologije\data\extracted\audio_synth\synth\spk08_0035.wav,,,,35,2.0750113378684807,125,60,synth
spk08_0036,spk08,36,36,C:\Users\Administrator\Documents\govorne tehnologije\data\extracted\audio_synth\synth\spk08_0036.wav,,,,36,1.7000453514739229,102,60,synth
spk08_0037,spk08,37,37,C:\Users\Administrator\Documents\govorne tehnologije\data\extracted\audio_synth\synth\spk08_0037.wav,,,,37,3.275011337868481,197,60,synth
spk08_0038,spk08,38,38,C:\Users\Administrator\Documents\govorne tehnologije\data\extracted\audio_synth\synth\spk08_0038.wav,,,,38,3.3950113378684805,204,60,synth
spk08_0039,spk08,39,39,C:\Users\Administrator\Documents\govorne tehnologije\data\extracted\audio_synth\synth\spk08_0039.wav,,,,39,2.920045351473923,175,60,synth
spk08_0040,spk08,40,40,C:\Users\Administrator\Documents\govorne tehnologije\data\extracted\audio_synth\synth\spk08_0040.wav,,,,40,3.920045351473923,235,60,synth
spk08_0041,spk08,41,41,C:\Users\Administrator\Documents\govorne tehnologije\data\extracted\audio_synth\synth\spk08_0041.wav,,,,41,2.080045351473923,125,60,synth
spk08_0042,spk08,42,42,C:\Users\Administrator\Documents\govorne tehnologije\data\extracted\audio_synth\synth\spk08_0042.wav,,,,42,3.2600453514739227,196,60,synth
spk08_0043,spk08,43,43,C:\Users\Administrator\Documents\govorne tehnologije\data\extracted\audio_synth\synth\spk08_0043.wav,,,,43,4.775011337868481,287,60,synth
spk08_0044,spk08,44,44,C:\Users\Administrator\Documents\govorne tehnologije\data\extracted\audio_synth\synth\spk08_0044.wav,,,,44,4.400045351473923,264,60,synth
spk08_0045,spk08,45,45,C:\Users\Administrator\Documents\govorne tehnologije\data\extracted\audio_synth\synth\spk08_0045.wav,,,,45,2.4850340136054423,149,60,synth
spk08_0046,spk08,46,46,C:\Users\Administrator\Documents\govorne tehnologije\data\extracted\audio_synth\synth\spk08_0046.wav,,,,46,3.840045351473923,230,60,synth
spk08_0047,spk08,47,47,C:\Users\Administrator\Documents\govorne tehnologije\data\extracted\audio_synth\synth\spk08_0047.wav,,,,47,2.295011337868481,138,60,synth
spk08_0048,spk08,48,48,C:\Users\Administrator\Documents\govorne tehnologije\data\extracted\audio_synth\synth\spk08_0048.wav,,,,48,2.645034013605442,159,60,synth
spk08_0049,spk08,49,49,C:\Users\Administrator\Documents\govorne tehnologije\data\extracted\audio_synth\synth\spk08_0049.wav,,,,49,2.3700226757369616,142,60,synth
spk08_0050,spk08,50,50,C:\Users\Administrator\Documents\govorne tehnologije\data\extracted\audio_synth\synth\spk08_0050.wav,,,,50,2.4650340136054423,148,60,synth
spk08_0051,spk08,51,51,C:\Users\Administrator\Documents\govorne tehnologije\data\extracted\audio_synth\synth\spk08_0051.wav,,,,51,2.9250340136054422,176,60,synth
spk08_0052,spk08,52,52,C:\Users\Administrator\Documents\govorne tehnologije\data\extracted\audio_synth\synth\spk08_0052.wav,,,,52,3.8000453514739228,228,60,synth
spk08_0053,spk08,53,53,C:\Users\Administrator\Documents\govorne tehnologije\data\extracted\audio_synth\synth\spk08_0053.wav,,,,53,3.5100226757369613,211,60,synth
spk08_0054,spk08,54,54,C:\Users\Administrator\Documents\govorne tehnologije\data\extracted\audio_synth\synth\spk08_0054.wav,,,,54,5.580045351473923,335,60,synth
spk08_0055,spk08,55,55,C:\Users\Administrator\Documents\govorne tehnologije\data\extracted\audio_synth\synth\spk08_0055.wav,,,,55,4.650022675736961,279,60,synth
spk08_0056,spk08,56,56,C:\Users\Administrator\Documents\govorne tehnologije\data\extracted\audio_synth\synth\spk08_0056.wav,,,,56,3.5500226757369613,213,60,synth
spk08_0057,spk08,57,57,C:\Users\Administrator\Documents\govorne tehnologije\data\extracted\audio_synth\synth\spk08_0057.wav,,,,57,3.0050340136054423,180,60,synth
spk08_0058,spk08,58,58,C:\Users\Administrator\Documents\govorne tehnologije\data\extracted\audio_synth\synth\spk08_0058.wav,,,,58,2.815011337868481,169,60,synth
spk08_0059,spk08,59,59,C:\Users\Administrator\Documents\govorne tehnologije\data\extracted\audio_synth\synth\spk08_0059.wav,,,,59,3.640045351473923,218,60,synth
spk08_0060,spk08,60,60,C:\Users\Administrator\Documents\govorne tehnologije\data\extracted\audio_synth\synth\spk08_0060.wav,,,,60,2.1500226757369614,129,60,synth
spk08_0061,spk08,61,61,C:\Users\Administrator\Documents\govorne tehnologije\data\extracted\audio_synth\synth\spk08_0061.wav,,,,61,3.5550113378684807,213,60,synth
spk08_0062,spk08,62,62,C:\Users\Administrator\Documents\govorne tehnologije\data\extracted\audio_synth\synth\spk08_0062.wav,,,,62,4.630022675736962,278,60,synth
spk08_0063,spk08,63,63,C:\Users\Administrator\Documents\govorne tehnologije\data\extracted\audio_synth\synth\spk08_0063.wav,,,,63,3.125034013605442,188,60,synth
spk08_0064,spk08,64,64,C:\Users\Administrator\Documents\govorne tehnologije\data\extracted\audio_synth\synth\spk08_0064.wav,,,,64,2.815011337868481,169,60,synth
spk08_0065,spk08,65,65,C:\Users\Administrator\Documents\govorne tehnologije\data\extracted\audio_synth\synth\spk08_0065.wav,,,,65,3.860045351473923,232,60,synth
spk08_0066,spk08,66,66,C:\Users\Administrator\Documents\govorne tehnologije\data\extracted\audio_synth\synth\spk08_0066.wav,,,,66,2.4250340136054422,146,60,synth
spk08_0067,spk08,67,67,C:\Users\Administrator\Documents\govorne tehnologije\data\extracted\audio_synth\synth\spk08_0067.wav,,,,67,2.0300226757369613,122,60,synth
spk08_0068,spk08,68,68,C:\Users\Administrator\Documents\govorne tehnologije\data\extracted\audio_synth\synth\spk08_0068.wav,,,,68,3.8300226757369615,230,60,synth
spk08_0069,spk08,69,69,C:\Users\Administrator\Documents\govorne tehnologije\data\extracted\audio_synth\synth\spk08_0069.wav,,,,69,3.7900226757369615,227,60,synth
spk08_0070,spk08,70,70,C:\Users\Administrator\Documents\govorne tehnologije\data\extracted\audio_synth\synth\spk08_0070.wav,,,,70,3.520045351473923,211,60,synth
spk08_0071,spk08,71,71,C:\Users\Administrator\Documents\govorne tehnologije\data\extracted\audio_synth\synth\spk08_0071.wav,,,,71,3.4100226757369616,205,60,synth
spk08_0072,spk08,72,72,C:\Users\Administrator\Documents\govorne tehnologije\data\extracted\audio_synth\synth\spk08_0072.wav,,,,72,2.1100226757369613,127,60,synth
spk08_0073,spk08,73,73,C:\Users\Administrator\Documents\govorne tehnologije\data\extracted\audio_synth\synth\spk08_0073.wav,,,,73,3.080045351473923,185,60,synth
spk08_0074,spk08,74,74,C:\Users\Administrator\Documents\govorne tehnologije\data\extracted\audio_synth\synth\spk08_0074.wav,,,,74,2.3750113378684805,143,60,synth
spk08_0075,spk08,75,75,C:\Users\Administrator\Documents\govorne tehnologije\data\extracted\audio_synth\synth\spk08_0075.wav,,,,75,2.26,136,60,synth
spk08_0076,spk08,76,76,C:\Users\Administrator\Documents\govorne tehnologije\data\extracted\audio_synth\synth\spk08_0076.wav,,,,76,2.3500226757369616,141,60,synth
spk08_0077,spk08,77,77,C:\Users\Administrator\Documents\govorne tehnologije\data\extracted\audio_synth\synth\spk08_0077.wav,,,,77,2.715011337868481,163,60,synth
spk08_0078,spk08,78,78,C:\Users\Administrator\Documents\govorne tehnologije\data\extracted\audio_synth\synth\spk08_0078.wav,,,,78,2.940045351473923,176,60,synth
spk08_0079,spk08,79,79,C:\Users\Administrator\Documents\govorne tehnologije\data\extracted\audio_synth\synth\spk08_0079.wav,,,,79,2.9500226757369616,177,60,synth
spk08_0080,spk08,80,80,C:\Users\Administrator\Documents\govorne tehnologije\data\extracted\audio_synth\synth\spk08_0080.wav,,,,80,2.580045351473923,155,60,synth
spk08_0081,spk08,81,81,C:\Users\Administrator\Documents\govorne tehnologije\data\extracted\audio_synth\synth\spk08_0081.wav,,,,81,2.6150113378684807,157,60,synth
spk08_0082,spk08,82,82,C:\Users\Administrator\Documents\govorne tehnologije\data\extracted\audio_synth\synth\spk08_0082.wav,,,,82,3.4950113378684806,210,60,synth
spk08_0083,spk08,83,83,C:\Users\Administrator\Documents\govorne tehnologije\data\extracted\audio_synth\synth\spk08_0083.wav,,,,83,2.225034013605442,134,60,synth
spk08_0084,spk08,84,84,C:\Users\Administrator\Documents\govorne tehnologije\data\extracted\audio_synth\synth\spk08_0084.wav,,,,84,3.3300226757369615,200,60,synth
spk08_0085,spk08,85,85,C:\Users\Administrator\Documents\govorne tehnologije\data\extracted\audio_synth\synth\spk08_0085.wav,,,,85,2.8200453514739228,169,60,synth
spk08_0086,spk08,86,86,C:\Users\Administrator\Documents\govorne tehnologije\data\extracted\audio_synth\synth\spk08_0086.wav,,,,86,3.4950113378684806,210,60,synth
spk08_0087,spk08,87,87,C:\Users\Administrator\Documents\govorne tehnologije\data\extracted\audio_synth\synth\spk08_0087.wav,,,,87,2.9700226757369617,178,60,synth
spk08_0088,spk08,88,88,C:\Users\Administrator\Documents\govorne tehnologije\data\extracted\audio_synth\synth\spk08_0088.wav,,,,88,2.4700226757369617,148,60,synth
spk08_0089,spk08,89,89,C:\Users\Administrator\Documents\govorne tehnologije\data\extracted\audio_synth\synth\spk08_0089.wav,,,,89,3.0050340136054423,180,60,synth
spk08_0090,spk08,90,90,C:\Users\Administrator\Documents\govorne tehnologije\data\extracted\audio_synth\synth\spk08_0090.wav,,,,90,2.725034013605442,164,60,synth
spk08_0091,spk08,91,91,C:\Users\Administrator\Documents\govorne tehnologije\data\extracted\audio_synth\synth\spk08_0091.wav,,,,91,2.080045351473923,125,60,synth
spk08_0092,spk08,92,92,C:\Users\Administrator\Documents\govorne tehnologije\data\extracted\audio_synth\synth\spk08_0092.wav,,,,92,5.115011337868481,307,60,synth
spk08_0093,spk08,93,93,C:\Users\Administrator\Documents\govorne tehnologije\data\extracted\audio_synth\synth\spk08_0093.wav,,,,93,3.8700226757369616,232,60,synth
spk08_0094,spk08,94,94,C:\Users\Administrator\Documents\govorne tehnologije\data\extracted\audio_synth\synth\spk08_0094.wav,,,,94,2.0950113378684807,126,60,synth
spk08_0095,spk08,95,95,C:\Users\Administrator\Documents\govorne tehnologije\data\extracted\audio_synth\synth\spk08_0095.wav,,,,95,5.3100226757369615,319,60,synth
spk08_0096,spk08,96,96,C:\Users\Administrator\Documents\govorne tehnologije\data\extracted\audio_synth\synth\spk08_0096.wav,,,,96,3.1750113378684808,191,60,synth
spk08_0097,spk08,97,97,C:\Users\Administrator\Documents\govorne tehnologije\data\extracted\audio_synth\synth\spk08_0097.wav,,,,97,3.0300226757369613,182,60,synth
spk08_0098,spk08,98,98,C:\Users\Administrator\Documents\govorne tehnologije\data\extracted\audio_synth\synth\spk08_0098.wav,,,,98,2.4350113378684806,146,60,synth
spk08_0099,spk08,99,99,C:\Users\Administrator\Documents\govorne tehnologije\data\extracted\audio_synth\synth\spk08_0099.wav,,,,99,3.5350113378684807,212,60,synth
spk08_0100,spk08,100,100,C:\Users\Administrator\Documents\govorne tehnologije\data\extracted\audio_synth\synth\spk08_0100.wav,,,,100,4.425034013605442,266,60,synth
spk08_0101,spk08,101,101,C:\Users\Administrator\Documents\govorne tehnologije\data\extracted\audio_synth\synth\spk08_0101.wav,,,,101,4.145034013605442,249,60,synth
spk08_0102,spk08,102,102,C:\Users\Administrator\Documents\govorne tehnologije\data\extracted\audio_synth\synth\spk08_0102.wav,,,,102,3.265034013605442,196,60,synth
spk08_0103,spk08,103,103,C:\Users\Administrator\Documents\govorne tehnologije\data\extracted\audio_synth\synth\spk08_0103.wav,,,,103,3.625034013605442,218,60,synth
spk08_0104,spk08,104,104,C:\Users\Administrator\Documents\govorne tehnologije\data\extracted\audio_synth\synth\spk08_0104.wav,,,,104,2.2400453514739227,134,60,synth
spk08_0105,spk08,105,105,C:\Users\Administrator\Documents\govorne tehnologije\data\extracted\audio_synth\synth\spk08_0105.wav,,,,105,2.0500226757369613,123,60,synth
spk08_0106,spk08,106,106,C:\Users\Administrator\Documents\govorne tehnologije\data\extracted\audio_synth\synth\spk08_0106.wav,,,,106,3.125034013605442,188,60,synth
spk08_0107,spk08,107,107,C:\Users\Administrator\Documents\govorne tehnologije\data\extracted\audio_synth\synth\spk08_0107.wav,,,,107,2.825034013605442,170,60,synth
spk08_0108,spk08,108,108,C:\Users\Administrator\Documents\govorne tehnologije\data\extracted\audio_synth\synth\spk08_0108.wav,,,,108,3.3100226757369615,199,60,synth
spk08_0109,spk08,109,109,C:\Users\Administrator\Documents\govorne tehnologije\data\extracted\audio_synth\synth\spk08_0109.wav,,,,109,2.8,168,60,synth
spk08_0110,spk08,110,110,C:\Users\Administrator\Documents\govorne tehnologije\data\extracted\audio_synth\synth\spk08_0110.wav,,,,110,2.9900226757369612,179,60,synth
spk08_0111,spk08,111,111,C:\Users\Administrator\Documents\govorne tehnologije\data\extracted\audio_synth\synth\spk08_0111.wav,,,,111,2.0550113378684807,123,60,synth
spk08_0112,spk08,112,112,C:\Users\Administrator\Documents\govorne tehnologije\data\extracted\audio_synth\synth\spk08_0112.wav,,,,112,3.9500226757369616,237,60,synth
spk08_0113,spk08,113,113,C:\Users\Administrator\Documents\govorne tehnologije\data\extracted\audio_synth\synth\spk08_0113.wav,,,,113,3.315011337868481,199,60,synth
spk08_0114,spk08,114,114,C:\Users\Administrator\Documents\govorne tehnologije\data\extracted\audio_synth\synth\spk08_0114.wav,,,,114,3.700045351473923,222,60,synth
spk08_0115,spk08,115,115,C:\Users\Administrator\Documents\govorne tehnologije\data\extracted\audio_synth\synth\spk08_0115.wav,,,,115,2.7100226757369614,163,60,synth
spk08_0116,spk08,116,116,C:\Users\Administrator\Documents\govorne tehnologije\data\extracted\audio_synth\synth\spk08_0116.wav,,,,116,2.0250340136054423,122,60,synth
spk08_0117,spk08,117,117,C:\Users\Administrator\Documents\govorne tehnologije\data\extracted\audio_synth\synth\spk08_0117.wav,,,,117,3.165034013605442,190,60,synth
spk08_0118,spk08,118,118,C:\Users\Administrator\Documents\govorne tehnologije\data\extracted\audio_synth\synth\spk08_0118.wav,,,,118,2.645034013605442,159,60,synth
spk08_0119,spk08,119,119,C:\Users\Administrator\Documents\govorne tehnologije\data\extracted\audio_synth\synth\spk08_0119.wav,,,,119,2.600045351473923,156,60,synth
spk08_0120,spk08,120,120,C:\Users\Administrator\Documents\govorne tehnologije\data\extracted\audio_synth\synth\spk08_0120.wav,,,,120,2.840045351473923,170,60,synth
spk08_0121,spk08,121,121,C:\Users\Administrator\Documents\govorne tehnologije\data\extracted\audio_synth\synth\spk08_0121.wav,,,,121,3.2500226757369615,195,60,synth
spk08_0122,spk08,122,122,C:\Users\Administrator\Documents\govorne tehnologije\data\extracted\audio_synth\synth\spk08_0122.wav,,,,122,2.160045351473923,130,60,synth
spk08_0123,spk08,123,123,C:\Users\Administrator\Documents\govorne tehnologije\data\extracted\audio_synth\synth\spk08_0123.wav,,,,123,4.590022675736962,275,60,synth
spk08_0124,spk08,124,124,C:\Users\Administrator\Documents\govorne tehnologije\data\extracted\audio_synth\synth\spk08_0124.wav,,,,124,2.0450340136054423,123,60,synth
spk08_0125,spk08,125,125,C:\Users\Administrator\Documents\govorne tehnologije\data\extracted\audio_synth\synth\spk08_0125.wav,,,,125,3.1500226757369614,189,60,synth
spk08_0126,spk08,126,126,C:\Users\Administrator\Documents\govorne tehnologije\data\extracted\audio_synth\synth\spk08_0126.wav,,,,126,2.4300226757369616,146,60,synth
spk08_0127,spk08,127,127,C:\Users\Administrator\Documents\govorne tehnologije\data\extracted\audio_synth\synth\spk08_0127.wav,,,,127,3.695011337868481,222,60,synth
spk08_0128,spk08,128,128,C:\Users\Administrator\Documents\govorne tehnologije\data\extracted\audio_synth\synth\spk08_0128.wav,,,,128,2.8700226757369616,172,60,synth
spk08_0129,spk08,129,129,C:\Users\Administrator\Documents\govorne tehnologije\data\extracted\audio_synth\synth\spk08_0129.wav,,,,129,2.845034013605442,171,60,synth
spk08_0130,spk08,130,130,C:\Users\Administrator\Documents\govorne tehnologije\data\extracted\audio_synth\synth\spk08_0130.wav,,,,130,3.560045351473923,214,60,synth
spk08_0131,spk08,131,131,C:\Users\Administrator\Documents\govorne tehnologije\data\extracted\audio_synth\synth\spk08_0131.wav,,,,131,2.9700226757369617,178,60,synth
spk08_0132,spk08,132,132,C:\Users\Administrator\Documents\govorne tehnologije\data\extracted\audio_synth\synth\spk08_0132.wav,,,,132,3.0050340136054423,180,60,synth
spk08_0133,spk08,133,133,C:\Users\Administrator\Documents\govorne tehnologije\data\extracted\audio_synth\synth\spk08_0133.wav,,,,133,2.9350113378684806,176,60,synth
spk08_0134,spk08,134,134,C:\Users\Administrator\Documents\govorne tehnologije\data\extracted\audio_synth\synth\spk08_0134.wav,,,,134,4.3100226757369615,259,60,synth
spk08_0135,spk08,135,135,C:\Users\Administrator\Documents\govorne tehnologije\data\extracted\audio_synth\synth\spk08_0135.wav,,,,135,2.9300226757369616,176,60,synth
spk08_0136,spk08,136,136,C:\Users\Administrator\Documents\govorne tehnologije\data\extracted\audio_synth\synth\spk08_0136.wav,,,,136,2.705034013605442,162,60,synth
spk08_0137,spk08,137,137,C:\Users\Administrator\Documents\govorne tehnologije\data\extracted\audio_synth\synth\spk08_0137.wav,,,,137,2.6550113378684808,159,60,synth
spk08_0138,spk08,138,138,C:\Users\Administrator\Documents\govorne tehnologije\data\extracted\audio_synth\synth\spk08_0138.wav,,,,138,3.4650340136054423,208,60,synth
spk08_0139,spk08,139,139,C:\Users\Administrator\Documents\govorne tehnologije\data\extracted\audio_synth\synth\spk08_0139.wav,,,,139,3.100045351473923,186,60,synth
spk08_0140,spk08,140,140,C:\Users\Administrator\Documents\govorne tehnologije\data\extracted\audio_synth\synth\spk08_0140.wav,,,,140,3.380045351473923,203,60,synth
spk08_0141,spk08,141,141,C:\Users\Administrator\Documents\govorne tehnologije\data\extracted\audio_synth\synth\spk08_0141.wav,,,,141,4.25501133786848,255,60,synth
spk08_0142,spk08,142,142,C:\Users\Administrator\Documents\govorne tehnologije\data\extracted\audio_synth\synth\spk08_0142.wav,,,,142,3.3000453514739228,198,60,synth
spk08_0143,spk08,143,143,C:\Users\Administrator\Documents\govorne tehnologije\data\extracted\audio_synth\synth\spk08_0143.wav,,,,143,3.5100226757369613,211,60,synth
spk08_0144,spk08,144,144,C:\Users\Administrator\Documents\govorne tehnologije\data\extracted\audio_synth\synth\spk08_0144.wav,,,,144,3.8950113378684805,234,60,synth
spk08_0145,spk08,145,145,C:\Users\Administrator\Documents\govorne tehnologije\data\extracted\audio_synth\synth\spk08_0145.wav,,,,145,3.275011337868481,197,60,synth
spk08_0146,spk08,146,146,C:\Users\Administrator\Documents\govorne tehnologije\data\extracted\audio_synth\synth\spk08_0146.wav,,,,146,2.805034013605442,168,60,synth
spk08_0147,spk08,147,147,C:\Users\Administrator\Documents\govorne tehnologije\data\extracted\audio_synth\synth\spk08_0147.wav,,,,147,3.4450340136054423,207,60,synth
spk08_0148,spk08,148,148,C:\Users\Administrator\Documents\govorne tehnologije\data\extracted\audio_synth\synth\spk08_0148.wav,,,,148,2.6300226757369614,158,60,synth
spk08_0149,spk08,149,149,C:\Users\Administrator\Documents\govorne tehnologije\data\extracted\audio_synth\synth\spk08_0149.wav,,,,149,2.360045351473923,142,60,synth
spk08_0150,spk08,150,150,C:\Users\Administrator\Documents\govorne tehnologije\data\extracted\audio_synth\synth\spk08_0150.wav,,,,150,3.0900226757369613,185,60,synth
spk08_0151,spk08,151,151,C:\Users\Administrator\Documents\govorne tehnologije\data\extracted\audio_synth\synth\spk08_0151.wav,,,,151,2.9750113378684806,179,60,synth
spk08_0152,spk08,152,152,C:\Users\Administrator\Documents\govorne tehnologije\data\extracted\audio_synth\synth\spk08_0152.wav,,,,152,2.3700226757369616,142,60,synth
spk08_0153,spk08,153,153,C:\Users\Administrator\Documents\govorne tehnologije\data\extracted\audio_synth\synth\spk08_0153.wav,,,,153,2.8500226757369616,171,60,synth
spk08_0154,spk08,154,154,C:\Users\Administrator\Documents\govorne tehnologije\data\extracted\audio_synth\synth\spk08_0154.wav,,,,154,2.765034013605442,166,60,synth
spk08_0155,spk08,155,155,C:\Users\Administrator\Documents\govorne tehnologije\data\extracted\audio_synth\synth\spk08_0155.wav,,,,155,2.5850340136054424,155,60,synth
spk08_0156,spk08,156,156,C:\Users\Administrator\Documents\govorne tehnologije\data\extracted\audio_synth\synth\spk08_0156.wav,,,,156,3.200045351473923,192,60,synth
spk08_0157,spk08,157,157,C:\Users\Administrator\Documents\govorne tehnologije\data\extracted\audio_synth\synth\spk08_0157.wav,,,,157,2.3950113378684805,144,60,synth
spk08_0158,spk08,158,158,C:\Users\Administrator\Documents\govorne tehnologije\data\extracted\audio_synth\synth\spk08_0158.wav,,,,158,3.7900226757369615,227,60,synth
spk08_0159,spk08,159,159,C:\Users\Administrator\Documents\govorne tehnologije\data\extracted\audio_synth\synth\spk08_0159.wav,,,,159,3.1500226757369614,189,60,synth
spk08_0160,spk08,160,160,C:\Users\Administrator\Documents\govorne tehnologije\data\extracted\audio_synth\synth\spk08_0160.wav,,,,160,3.765034013605442,226,60,synth
spk08_0161,spk08,161,161,C:\Users\Administrator\Documents\govorne tehnologije\data\extracted\audio_synth\synth\spk08_0161.wav,,,,161,1.9500226757369614,117,60,synth
spk08_0162,spk08,162,162,C:\Users\Administrator\Documents\govorne tehnologije\data\extracted\audio_synth\synth\spk08_0162.wav,,,,162,2.285034013605442,137,60,synth
spk08_0163,spk08,163,163,C:\Users\Administrator\Documents\govorne tehnologije\data\extracted\audio_synth\synth\spk08_0163.wav,,,,163,2.7500226757369615,165,60,synth
spk08_0164,spk08,164,164,C:\Users\Administrator\Documents\govorne tehnologije\data\extracted\audio_synth\synth\spk08_0164.wav,,,,164,3.1900226757369614,191,60,synth
spk08_0165,spk08,165,165,C:\Users\Administrator\Documents\govorne tehnologije\data\extracted\audio_synth\synth\spk08_0165.wav,,,,165,4.1650340136054425,250,60,synth
spk08_0166,spk08,166,166,C:\Users\Administrator\Documents\govorne tehnologije\data\extracted\audio_synth\synth\spk08_0166.wav,,,,166,3.0450340136054423,183,60,synth
spk08_0167,spk08,167,167,C:\Users\Administrator\Documents\govorne tehnologije\data\extracted\audio_synth\synth\spk08_0167.wav,,,,167,3.640045351473923,218,60,synth
spk08_0168,spk08,168,168,C:\Users\Administrator\Documents\govorne tehnologije\data\extracted\audio_synth\synth\spk08_0168.wav,,,,168,2.180045351473923,131,60,synth
spk08_0169,spk08,169,169,C:\Users\Administrator\Documents\govorne tehnologije\data\extracted\audio_synth\synth\spk08_0169.wav,,,,169,2.685034013605442,161,60,synth
spk08_0170,spk08,170,170,C:\Users\Administrator\Documents\govorne tehnologije\data\extracted\audio_synth\synth\spk08_0170.wav,,,,170,2.725034013605442,164,60,synth
spk08_0171,spk08,171,171,C:\Users\Administrator\Documents\govorne tehnologije\data\extracted\audio_synth\synth\spk08_0171.wav,,,,171,3.180045351473923,191,60,synth
spk08_0172,spk08,172,172,C:\Users\Administrator\Documents\govorne tehnologije\data\extracted\audio_synth\synth\spk08_0172.wav,,,,172,2.720045351473923,163,60,synth
spk08_0173,spk08,173,173,C:\Users\Administrator\Documents\govorne tehnologije\data\extracted\audio_synth\synth\spk08_0173.wav,,,,173,4.495011337868481,270,60,synth
spk08_0174,spk08,174,174,C:\Users\Administrator\Documents\govorne tehnologije\data\extracted\audio_synth\synth\spk08_0174.wav,,,,174,2.78,167,60,synth
spk08_0175,spk08,175,175,C:\Users\Administrator\Documents\govorne tehnologije\data\extracted\audio_synth\synth\spk08_0175.wav,,,,175,3.140045351473923,188,60,synth
spk08_0176,spk08,176,176,C:\Users\Administrator\Documents\govorne tehnologije\data\extracted\audio_synth\synth\spk08_0176.wav,,,,176,3.165034013605442,190,60,synth
spk08_0177,spk08,177,177,C:\Users\Administrator\Documents\govorne tehnologije\data\extracted\audio_synth\synth\spk08_0177.wav,,,,177,2.640045351473923,158,60,synth
spk14_0000,spk14,0,1,C:\Users\Administrator\Documents\govorne tehnologije\data\extracted\audio_synth\synth\spk14_0000.wav,,,,1,12.240045351473922,734,60,synth
spk14_0001,spk14,1,2,C:\Users\Administrator\Documents\govorne tehnologije\data\extracted\audio_synth\synth\spk14_0001.wav,,,,2,4.485034013605442,269,60,synth
spk14_0002,spk14,2,3,C:\Users\Administrator\Documents\govorne tehnologije\data\extracted\audio_synth\synth\spk14_0002.wav,,,,3,2.660045351473923,160,60,synth
spk14_0003,spk14,3,4,C:\Users\Administrator\Documents\govorne tehnologije\data\extracted\audio_synth\synth\spk14_0003.wav,,,,4,3.805034013605442,228,60,synth
spk14_0004,spk14,4,5,C:\Users\Administrator\Documents\govorne tehnologije\data\extracted\audio_synth\synth\spk14_0004.wav,,,,5,4.070022675736961,244,60,synth
spk14_0005,spk14,5,6,C:\Users\Administrator\Documents\govorne tehnologije\data\extracted\audio_synth\synth\spk14_0005.wav,,,,6,3.6300226757369614,218,60,synth
spk14_0006,spk14,6,7,C:\Users\Administrator\Documents\govorne tehnologije\data\extracted\audio_synth\synth\spk14_0006.wav,,,,7,2.8900226757369616,173,60,synth
spk14_0007,spk14,7,8,C:\Users\Administrator\Documents\govorne tehnologije\data\extracted\audio_synth\synth\spk14_0007.wav,,,,8,3.2400453514739227,194,60,synth
spk14_0008,spk14,8,9,C:\Users\Administrator\Documents\govorne tehnologije\data\extracted\audio_synth\synth\spk14_0008.wav,,,,9,3.0300226757369613,182,60,synth
spk14_0009,spk14,9,10,C:\Users\Administrator\Documents\govorne tehnologije\data\extracted\audio_synth\synth\spk14_0009.wav,,,,10,3.345034013605442,201,60,synth
spk14_0010,spk14,10,11,C:\Users\Administrator\Documents\govorne tehnologije\data\extracted\audio_synth\synth\spk14_0010.wav,,,,11,5.3350113378684805,320,60,synth
spk14_0011,spk14,11,12,C:\Users\Administrator\Documents\govorne tehnologije\data\extracted\audio_synth\synth\spk14_0011.wav,,,,12,2.5350113378684807,152,60,synth
spk14_0012,spk14,12,13,C:\Users\Administrator\Documents\govorne tehnologije\data\extracted\audio_synth\synth\spk14_0012.wav,,,,13,2.6550113378684808,159,60,synth
spk14_0013,spk14,13,14,C:\Users\Administrator\Documents\govorne tehnologije\data\extracted\audio_synth\synth\spk14_0013.wav,,,,14,3.0950113378684807,186,60,synth
spk14_0014,spk14,14,15,C:\Users\Administrator\Documents\govorne tehnologije\data\extracted\audio_synth\synth\spk14_0014.wav,,,,15,3.5500226757369613,213,60,synth
spk14_0015,spk14,15,16,C:\Users\Administrator\Documents\govorne tehnologije\data\extracted\audio_synth\synth\spk14_0015.wav,,,,16,2.605034013605442,156,60,synth
spk14_0016,spk14,16,17,C:\Users\Administrator\Documents\govorne tehnologije\data\extracted\audio_synth\synth\spk14_0016.wav,,,,17,4.780045351473923,287,60,synth
spk14_0017,spk14,17,18,C:\Users\Administrator\Documents\govorne tehnologije\data\extracted\audio_synth\synth\spk14_0017.wav,,,,18,3.9850340136054423,239,60,synth
spk14_0018,spk14,18,19,C:\Users\Administrator\Documents\govorne tehnologije\data\extracted\audio_synth\synth\spk14_0018.wav,,,,19,2.9650340136054423,178,60,synth
spk14_0019,spk14,19,20,C:\Users\Administrator\Documents\govorne tehnologije\data\extracted\audio_synth\synth\spk14_0019.wav,,,,20,2.1750113378684808,131,60,synth
spk14_0020,spk14,20,21,C:\Users\Administrator\Documents\govorne tehnologije\data\extracted\audio_synth\synth\spk14_0020.wav,,,,21,2.2300226757369614,134,60,synth
spk14_0021,spk14,21,22,C:\Users\Administrator\Documents\govorne tehnologije\data\extracted\audio_synth\synth\spk14_0021.wav,,,,22,3.6700226757369614,220,60,synth
spk14_0022,spk14,22,23,C:\Users\Administrator\Documents\govorne tehnologije\data\extracted\audio_synth\synth\spk14_0022.wav,,,,23,3.2400453514739227,194,60,synth
spk14_0023,spk14,23,24,C:\Users\Administrator\Documents\govorne tehnologije\data\extracted\audio_synth\synth\spk14_0023.wav,,,,24,3.4050340136054422,204,60,synth
spk14_0024,spk14,24,25,C:\Users\Administrator\Documents\govorne tehnologije\data\extracted\audio_synth\synth\spk14_0024.wav,,,,25,2.775011337868481,167,60,synth
spk14_0025,spk14,25,26,C:\Users\Administrator\Documents\govorne tehnologije\data\extracted\audio_synth\synth\spk14_0025.wav,,,,26,3.9650340136054423,238,60,synth
spk14_0026,spk14,26,27,C:\Users\Administrator\Documents\govorne tehnologije\data\extracted\audio_synth\synth\spk14_0026.wav,,,,27,2.7500226757369615,165,60,synth
spk14_0027,spk14,27,28,C:\Users\Administrator\Documents\govorne tehnologije\data\extracted\audio_synth\synth\spk14_0027.wav,,,,28,3.3200453514739228,199,60,synth
spk14_0028,spk14,28,29,C:\Users\Administrator\Documents\govorne tehnologije\data\extracted\audio_synth\synth\spk14_0028.wav,,,,29,2.865034013605442,172,60,synth
spk14_0029,spk14,29,30,C:\Users\Administrator\Documents\govorne tehnologije\data\extracted\audio_synth\synth\spk14_0029.wav,,,,30,3.715011337868481,223,60,synth
spk14_0030,spk14,30,31,C:\Users\Administrator\Documents\govorne tehnologije\data\extracted\audio_synth\synth\spk14_0030.wav,,,,31,3.7600453514739227,226,60,synth
spk14_0031,spk14,31,32,C:\Users\Administrator\Documents\govorne tehnologije\data\extracted\audio_synth\synth\spk14_0031.wav,,,,32,2.420045351473923,145,60,synth
spk14_0032,spk14,32,33,C:\Users\Administrator\Documents\govorne tehnologije\data\extracted\audio_synth\synth\spk14_0032.wav,,,,33,2.380045351473923,143,60,synth
spk14_0033,spk14,33,34,C:\Users\Administrator\Documents\govorne tehnologije\data\extracted\audio_synth\synth\spk14_0033.wav,,,,34,5.555011337868481,333,60,synth
spk14_0034,spk14,34,35,C:\Users\Administrator\Documents\govorne tehnologije\data\extracted\audio_synth\synth\spk14_0034.wav,,,,35,3.745034013605442,225,60,synth
spk14_0035,spk14,35,36,C:\Users\Administrator\Documents\govorne tehnologije\data\extracted\audio_synth\synth\spk14_0035.wav,,,,36,2.9500226757369616,177,60,synth
spk14_0036,spk14,36,37,C:\Users\Administrator\Documents\govorne tehnologije\data\extracted\audio_synth\synth\spk14_0036.wav,,,,37,4.685034013605442,281,60,synth
spk14_0037,spk14,37,38,C:\Users\Administrator\Documents\govorne tehnologije\data\extracted\audio_synth\synth\spk14_0037.wav,,,,38,2.180045351473923,131,60,synth
spk14_0038,spk14,38,39,C:\Users\Administrator\Documents\govorne tehnologije\data\extracted\audio_synth\synth\spk14_0038.wav,,,,39,4.160045351473923,250,60,synth
spk14_0039,spk14,39,40,C:\Users\Administrator\Documents\govorne tehnologije\data\extracted\audio_synth\synth\spk14_0039.wav,,,,40,2.2500226757369615,135,60,synth
spk14_0040,spk14,40,41,C:\Users\Administrator\Documents\govorne tehnologije\data\extracted\audio_synth\synth\spk14_0040.wav,,,,41,2.4500226757369616,147,60,synth
spk14_0041,spk14,41,42,C:\Users\Administrator\Documents\govorne tehnologije\data\extracted\audio_synth\synth\spk14_0041.wav,,,,42,2.8300226757369615,170,60,synth
spk14_0042,spk14,42,43,C:\Users\Administrator\Documents\govorne tehnologije\data\extracted\audio_synth\synth\spk14_0042.wav,,,,43,3.315011337868481,199,60,synth
spk14_0043,spk14,43,44,C:\Users\Administrator\Documents\govorne tehnologije\data\extracted\audio_synth\synth\spk14_0043.wav,,,,44,3.720045351473923,223,60,synth
spk14_0044,spk14,44,45,C:\Users\Administrator\Documents\govorne tehnologije\data\extracted\audio_synth\synth\spk14_0044.wav,,,,45,2.080045351473923,125,60,synth
spk14_0045,spk14,45,46,C:\Users\Administrator\Documents\govorne tehnologije\data\extracted\audio_synth\synth\spk14_0045.wav,,,,46,4.1650340136054425,250,60,synth
spk14_0046,spk14,46,47,C:\Users\Administrator\Documents\govorne tehnologije\data\extracted\audio_synth\synth\spk14_0046.wav,,,,47,2.6700226757369614,160,60,synth
spk14_0047,spk14,47,48,C:\Users\Administrator\Documents\govorne tehnologije\data\extracted\audio_synth\synth\spk14_0047.wav,,,,48,3.0950113378684807,186,60,synth
spk14_0048,spk14,48,49,C:\Users\Administrator\Documents\govorne tehnologije\data\extracted\audio_synth\synth\spk14_0048.wav,,,,49,1.780045351473923,107,60,synth
spk14_0049,spk14,49,50,C:\Users\Administrator\Documents\govorne tehnologije\data\extracted\audio_synth\synth\spk14_0049.wav,,,,50,1.9200453514739229,115,60,synth
spk14_0050,spk14,50,51,C:\Users\Administrator\Documents\govorne tehnologije\data\extracted\audio_synth\synth\spk14_0050.wav,,,,51,2.2400453514739227,134,60,synth
spk14_0051,spk14,51,52,C:\Users\Administrator\Documents\govorne tehnologije\data\extracted\audio_synth\synth\spk14_0051.wav,,,,52,3.2100226757369614,193,60,synth
spk14_0052,spk14,52,53,C:\Users\Administrator\Documents\govorne tehnologije\data\extracted\audio_synth\synth\spk14_0052.wav,,,,53,2.100045351473923,126,60,synth
spk14_0053,spk14,53,54,C:\Users\Administrator\Documents\govorne tehnologije\data\extracted\audio_synth\synth\spk14_0053.wav,,,,54,3.6100226757369613,217,60,synth
spk14_0054,spk14,54,55,C:\Users\Administrator\Documents\govorne tehnologije\data\extracted\audio_synth\synth\spk14_0054.wav,,,,55,3.0500226757369613,183,60,synth
spk14_0055,spk14,55,56,C:\Users\Administrator\Documents\govorne tehnologije\data\extracted\audio_synth\synth\spk14_0055.wav,,,,56,2.0250340136054423,122,60,synth
spk14_0056,spk14,56,57,C:\Users\Administrator\Documents\govorne tehnologije\data\extracted\audio_synth\synth\spk14_0056.wav,,,,57,2.3100226757369615,139,60,synth
spk14_0057,spk14,57,58,C:\Users\Administrator\Documents\govorne tehnologije\data\extracted\audio_synth\synth\spk14_0057.wav,,,,58,1.9950113378684806,120,60,synth
spk14_0058,spk14,58,59,C:\Users\Administrator\Documents\govorne tehnologije\data\extracted\audio_synth\synth\spk14_0058.wav,,,,59,3.440045351473923,206,60,synth
spk14_0059,spk14,59,60,C:\Users\Administrator\Documents\govorne tehnologije\data\extracted\audio_synth\synth\spk14_0059.wav,,,,60,2.9150113378684805,175,60,synth
spk14_0060,spk14,60,61,C:\Users\Administrator\Documents\govorne tehnologije\data\extracted\audio_synth\synth\spk14_0060.wav,,,,61,2.255011337868481,135,60,synth
spk14_0061,spk14,61,62,C:\Users\Administrator\Documents\govorne tehnologije\data\extracted\audio_synth\synth\spk14_0061.wav,,,,62,2.6700226757369614,160,60,synth
spk14_0062,spk14,62,63,C:\Users\Administrator\Documents\govorne tehnologije\data\extracted\audio_synth\synth\spk14_0062.wav,,,,63,2.500045351473923,150,60,synth
spk14_0063,spk14,63,64,C:\Users\Administrator\Documents\govorne tehnologije\data\extracted\audio_synth\synth\spk14_0063.wav,,,,64,3.3300226757369615,200,60,synth
spk14_0064,spk14,64,65,C:\Users\Administrator\Documents\govorne tehnologije\data\extracted\audio_synth\synth\spk14_0064.wav,,,,65,3.5050340136054423,210,60,synth
spk14_0065,spk14,65,66,C:\Users\Administrator\Documents\govorne tehnologije\data\extracted\audio_synth\synth\spk14_0065.wav,,,,66,5.195011337868481,312,60,synth
spk14_0066,spk14,66,67,C:\Users\Administrator\Documents\govorne tehnologije\data\extracted\audio_synth\synth\spk14_0066.wav,,,,67,2.1300226757369614,128,60,synth
spk14_0067,spk14,67,68,C:\Users\Administrator\Documents\govorne tehnologije\data\extracted\audio_synth\synth\spk14_0067.wav,,,,68,3.5050340136054423,210,60,synth
spk14_0068,spk14,68,69,C:\Users\Administrator\Documents\govorne tehnologije\data\extracted\audio_synth\synth\spk14_0068.wav,,,,69,3.0150113378684806,181,60,synth
spk14_0069,spk14,69,70,C:\Users\Administrator\Documents\govorne tehnologije\data\extracted\audio_synth\synth\spk14_0069.wav,,,,70,2.26,136,60,synth
spk14_0070,spk14,70,71,C:\Users\Administrator\Documents\govorne tehnologije\data\extracted\audio_synth\synth\spk14_0070.wav,,,,71,2.9250340136054422,176,60,synth
spk14_0071,spk14,71,72,C:\Users\Administrator\Documents\govorne tehnologije\data\extracted\audio_synth\synth\spk14_0071.wav,,,,72,2.355011337868481,141,60,synth
spk14_0072,spk14,72,73,C:\Users\Administrator\Documents\govorne tehnologije\data\extracted\audio_synth\synth\spk14_0072.wav,,,,73,1.6100226757369616,97,60,synth
spk14_0073,spk14,73,74,C:\Users\Administrator\Documents\govorne tehnologije\data\extracted\audio_synth\synth\spk14_0073.wav,,,,74,3.5450340136054423,213,60,synth
spk14_0074,spk14,74,75,C:\Users\Administrator\Documents\govorne tehnologije\data\extracted\audio_synth\synth\spk14_0074.wav,,,,75,3.4650340136054423,208,60,synth
spk14_0075,spk14,75,76,C:\Users\Administrator\Documents\govorne tehnologije\data\extracted\audio_synth\synth\spk14_0075.wav,,,,76,1.765034013605442,106,60,synth
spk14_0076,spk14,76,77,C:\Users\Administrator\Documents\govorne tehnologije\data\extracted\audio_synth\synth\spk14_0076.wav,,,,77,2.125034013605442,128,60,synth
spk14_0077,spk14,77,78,C:\Users\Administrator\Documents\govorne tehnologije\data\extracted\audio_synth\synth\spk14_0077.wav,,,,78,2.365034013605442,142,60,synth
spk14_0078,spk14,78,79,C:\Users\Administrator\Documents\govorne tehnologije\data\extracted\audio_synth\synth\spk14_0078.wav,,,,79,2.235011337868481,134,60,synth
spk14_0079,spk14,79,80,C:\Users\Administrator\Documents\govorne tehnologije\data\extracted\audio_synth\synth\spk14_0079.wav,,,,80,2.580045351473923,155,60,synth
spk14_0080,spk14,80,81,C:\Users\Administrator\Documents\govorne tehnologije\data\extracted\audio_synth\synth\spk14_0080.wav,,,,81,2.745034013605442,165,60,synth
spk14_0081,spk14,81,82,C:\Users\Administrator\Documents\govorne tehnologije\data\extracted\audio_synth\synth\spk14_0081.wav,,,,82,3.5250340136054423,212,60,synth
spk14_0082,spk14,82,83,C:\Users\Administrator\Documents\govorne tehnologije\data\extracted\audio_synth\synth\spk14_0082.wav,,,,83,2.040045351473923,122,60,synth
spk14_0083,spk14,83,84,C:\Users\Administrator\Documents\govorne tehnologije\data\extracted\audio_synth\synth\spk14_0083.wav,,,,84,2.5500226757369613,153,60,synth
spk14_0084,spk14,84,85,C:\Users\Administrator\Documents\govorne tehnologije\data\extracted\audio_synth\synth\spk14_0084.wav,,,,85,1.9500226757369614,117,60,synth
spk14_0085,spk14,85,86,C:\Users\Administrator\Documents\govorne tehnologije\data\extracted\audio_synth\synth\spk14_0085.wav,,,,86,3.265034013605442,196,60,synth
spk14_0086,spk14,86,87,C:\Users\Administrator\Documents\govorne tehnologije\data\extracted\audio_synth\synth\spk14_0086.wav,,,,87,2.5350113378684807,152,60,synth
spk14_0087,spk14,87,88,C:\Users\Administrator\Documents\govorne tehnologije\data\extracted\audio_synth\synth\spk14_0087.wav,,,,88,1.6100226757369616,97,60,synth
spk14_0088,spk14,88,89,C:\Users\Administrator\Documents\govorne tehnologije\data\extracted\audio_synth\synth\spk14_0088.wav,,,,89,2.1550113378684808,129,60,synth
spk14_0089,spk14,89,90,C:\Users\Administrator\Documents\govorne tehnologije\data\extracted\audio_synth\synth\spk14_0089.wav,,,,90,3.1900226757369614,191,60,synth
spk14_0090,spk14,90,91,C:\Users\Administrator\Documents\govorne tehnologije\data\extracted\audio_synth\synth\spk14_0090.wav,,,,91,3.1900226757369614,191,60,synth
spk14_0091,spk14,91,92,C:\Users\Administrator\Documents\govorne tehnologije\data\extracted\audio_synth\synth\spk14_0091.wav,,,,92,2.7900226757369615,167,60,synth
spk14_0092,spk14,92,93,C:\Users\Administrator\Documents\govorne tehnologije\data\extracted\audio_synth\synth\spk14_0092.wav,,,,93,3.9350113378684806,236,60,synth
spk14_0093,spk14,93,94,C:\Users\Administrator\Documents\govorne tehnologije\data\extracted\audio_synth\synth\spk14_0093.wav,,,,94,2.755011337868481,165,60,synth
spk14_0094,spk14,94,95,C:\Users\Administrator\Documents\govorne tehnologije\data\extracted\audio_synth\synth\spk14_0094.wav,,,,95,2.360045351473923,142,60,synth
spk14_0095,spk14,95,96,C:\Users\Administrator\Documents\govorne tehnologije\data\extracted\audio_synth\synth\spk14_0095.wav,,,,96,4.02,241,60,synth
spk14_0096,spk14,96,97,C:\Users\Administrator\Documents\govorne tehnologije\data\extracted\audio_synth\synth\spk14_0096.wav,,,,97,2.715011337868481,163,60,synth
spk14_0097,spk14,97,98,C:\Users\Administrator\Documents\govorne tehnologije\data\extracted\audio_synth\synth\spk14_0097.wav,,,,98,3.9450340136054423,237,60,synth
spk14_0098,spk14,98,99,C:\Users\Administrator\Documents\govorne tehnologije\data\extracted\audio_synth\synth\spk14_0098.wav,,,,99,2.3300226757369615,140,60,synth
spk14_0099,spk14,99,100,C:\Users\Administrator\Documents\govorne tehnologije\data\extracted\audio_synth\synth\spk14_0099.wav,,,,100,2.7100226757369614,163,60,synth
spk14_0100,spk14,100,101,C:\Users\Administrator\Documents\govorne tehnologije\data\extracted\audio_synth\synth\spk14_0100.wav,,,,101,2.5650340136054424,154,60,synth
spk14_0101,spk14,101,102,C:\Users\Administrator\Documents\govorne tehnologije\data\extracted\audio_synth\synth\spk14_0101.wav,,,,102,2.685034013605442,161,60,synth
spk14_0102,spk14,102,103,C:\Users\Administrator\Documents\govorne tehnologije\data\extracted\audio_synth\synth\spk14_0102.wav,,,,103,2.28,137,60,synth
spk14_0103,spk14,103,104,C:\Users\Administrator\Documents\govorne tehnologije\data\extracted\audio_synth\synth\spk14_0103.wav,,,,104,3.3900226757369616,203,60,synth
spk14_0104,spk14,104,105,C:\Users\Administrator\Documents\govorne tehnologije\data\extracted\audio_synth\synth\spk14_0104.wav,,,,105,2.645034013605442,159,60,synth
spk14_0105,spk14,105,106,C:\Users\Administrator\Documents\govorne tehnologije\data\extracted\audio_synth\synth\spk14_0105.wav,,,,106,3.840045351473923,230,60,synth
spk14_0106,spk14,106,107,C:\Users\Administrator\Documents\govorne tehnologije\data\extracted\audio_synth\synth\spk14_0106.wav,,,,107,2.2100226757369614,133,60,synth
spk14_0107,spk14,107,108,C:\Users\Administrator\Documents\govorne tehnologije\data\extracted\audio_synth\synth\spk14_0107.wav,,,,108,2.2900226757369615,137,60,synth
spk14_0108,spk14,108,109,C:\Users\Administrator\Documents\govorne tehnologije\data\extracted\audio_synth\synth\spk14_0108.wav,,,,109,3.200045351473923,192,60,synth
spk14_0109,spk14,109,110,C:\Users\Administrator\Documents\govorne tehnologije\data\extracted\audio_synth\synth\spk14_0109.wav,,,,110,2.3300226757369615,140,60,synth
spk14_0110,spk14,110,111,C:\Users\Administrator\Documents\govorne tehnologije\data\extracted\audio_synth\synth\spk14_0110.wav,,,,111,2.3200453514739228,139,60,synth
spk14_0111,spk14,111,112,C:\Users\Administrator\Documents\govorne tehnologije\data\extracted\audio_synth\synth\spk14_0111.wav,,,,112,3.3100226757369615,199,60,synth
spk14_0112,spk14,112,113,C:\Users\Administrator\Documents\govorne tehnologije\data\extracted\audio_synth\synth\spk14_0112.wav,,,,113,2.145034013605442,129,60,synth
spk14_0113,spk14,113,114,C:\Users\Administrator\Documents\govorne tehnologije\data\extracted\audio_synth\synth\spk14_0113.wav,,,,114,3.305034013605442,198,60,synth
spk14_0114,spk14,114,115,C:\Users\Administrator\Documents\govorne tehnologije\data\extracted\audio_synth\synth\spk14_0114.wav,,,,115,3.165034013605442,190,60,synth
spk14_0115,spk14,115,116,C:\Users\Administrator\Documents\govorne tehnologije\data\extracted\audio_synth\synth\spk14_0115.wav,,,,116,2.3500226757369616,141,60,synth
spk14_0116,spk14,116,117,C:\Users\Administrator\Documents\govorne tehnologije\data\extracted\audio_synth\synth\spk14_0116.wav,,,,117,3.1100226757369613,187,60,synth
spk14_0117,spk14,117,118,C:\Users\Administrator\Documents\govorne tehnologije\data\extracted\audio_synth\synth\spk14_0117.wav,,,,118,2.755011337868481,165,60,synth
spk14_0118,spk14,118,119,C:\Users\Administrator\Documents\govorne tehnologije\data\extracted\audio_synth\synth\spk14_0118.wav,,,,119,3.2700226757369615,196,60,synth
spk14_0119,spk14,119,120,C:\Users\Administrator\Documents\govorne tehnologije\data\extracted\audio_synth\synth\spk14_0119.wav,,,,120,3.4900226757369612,209,60,synth
spk14_0120,spk14,120,121,C:\Users\Administrator\Documents\govorne tehnologije\data\extracted\audio_synth\synth\spk14_0120.wav,,,,121,2.2500226757369615,135,60,synth
spk14_0121,spk14,121,122,C:\Users\Administrator\Documents\govorne tehnologije\data\extracted\audio_synth\synth\spk14_0121.wav,,,,122,2.1100226757369613,127,60,synth
spk14_0122,spk14,122,123,C:\Users\Administrator\Documents\govorne tehnologije\data\extracted\audio_synth\synth\spk14_0122.wav,,,,123,4.325034013605443,260,60,synth
spk14_0123,spk14,123,124,C:\Users\Administrator\Documents\govorne tehnologije\data\extracted\audio_synth\synth\spk14_0123.wav,,,,124,2.4950113378684806,150,60,synth
spk14_0124,spk14,124,125,C:\Users\Administrator\Documents\govorne tehnologije\data\extracted\audio_synth\synth\spk14_0124.wav,,,,125,2.4150113378684805,145,60,synth
spk14_0125,spk14,125,126,C:\Users\Administrator\Documents\govorne tehnologije\data\extracted\audio_synth\synth\spk14_0125.wav,,,,126,3.5250340136054423,212,60,synth
spk14_0126,spk14,126,127,C:\Users\Administrator\Documents\govorne tehnologije\data\extracted\audio_synth\synth\spk14_0126.wav,,,,127,4.3500226757369616,261,60,synth
spk14_0127,spk14,127,128,C:\Users\Administrator\Documents\govorne tehnologije\data\extracted\audio_synth\synth\spk14_0127.wav,,,,128,3.195011337868481,192,60,synth
spk14_0128,spk14,128,129,C:\Users\Administrator\Documents\govorne tehnologije\data\extracted\audio_synth\synth\spk14_0128.wav,,,,129,3.9150113378684805,235,60,synth
spk14_0129,spk14,129,130,C:\Users\Administrator\Documents\govorne tehnologije\data\extracted\audio_synth\synth\spk14_0129.wav,,,,130,2.3,138,60,synth
spk14_0130,spk14,130,131,C:\Users\Administrator\Documents\govorne tehnologije\data\extracted\audio_synth\synth\spk14_0130.wav,,,,131,2.880045351473923,173,60,synth
spk14_0131,spk14,131,132,C:\Users\Administrator\Documents\govorne tehnologije\data\extracted\audio_synth\synth\spk14_0131.wav,,,,132,2.360045351473923,142,60,synth
spk14_0132,spk14,132,133,C:\Users\Administrator\Documents\govorne tehnologije\data\extracted\audio_synth\synth\spk14_0132.wav,,,,133,2.7900226757369615,167,60,synth
spk14_0133,spk14,133,134,C:\Users\Administrator\Documents\govorne tehnologije\data\extracted\audio_synth\synth\spk14_0133.wav,,,,134,2.245034013605442,135,60,synth
spk14_0134,spk14,134,135,C:\Users\Administrator\Documents\govorne tehnologije\data\extracted\audio_synth\synth\spk14_0134.wav,,,,135,3.860045351473923,232,60,synth
spk14_0135,spk14,135,136,C:\Users\Administrator\Documents\govorne tehnologije\data\extracted\audio_synth\synth\spk14_0135.wav,,,,136,3.9850340136054423,239,60,synth
spk14_0136,spk14,136,137,C:\Users\Administrator\Documents\govorne tehnologije\data\extracted\audio_synth\synth\spk14_0136.wav,,,,137,2.3900226757369616,143,60,synth
spk14_0137,spk14,137,138,C:\Users\Administrator\Documents\govorne tehnologije\data\extracted\audio_synth\synth\spk14_0137.wav,,,,138,2.3500226757369616,141,60,synth
spk14_0138,spk14,138,139,C:\Users\Administrator\Documents\govorne tehnologije\data\extracted\audio_synth\synth\spk14_0138.wav,,,,139,2.5550113378684807,153,60,synth
spk14_0139,spk14,139,140,C:\Users\Administrator\Documents\govorne tehnologije\data\extracted\audio_synth\synth\spk14_0139.wav,,,,140,3.315011337868481,199,60,synth
spk14_0140,spk14,140,141,C:\Users\Administrator\Documents\govorne tehnologije\data\extracted\audio_synth\synth\spk14_0140.wav,,,,141,2.1100226757369613,127,60,synth
spk14_0141,spk14,141,142,C:\Users\Administrator\Documents\govorne tehnologije\data\extracted\audio_synth\synth\spk14_0141.wav,,,,142,3.600045351473923,216,60,synth
spk14_0142,spk14,142,143,C:\Users\Administrator\Documents\govorne tehnologije\data\extracted\audio_synth\synth\spk14_0142.wav,,,,143,2.795011337868481,168,60,synth
spk14_0143,spk14,143,144,C:\Users\Administrator\Documents\govorne tehnologije\data\extracted\audio_synth\synth\spk14_0143.wav,,,,144,2.365034013605442,142,60,synth
spk14_0144,spk14,144,145,C:\Users\Administrator\Documents\govorne tehnologije\data\extracted\audio_synth\synth\spk14_0144.wav,,,,145,4.105034013605442,246,60,synth
spk14_0145,spk14,145,146,C:\Users\Administrator\Documents\govorne tehnologije\data\extracted\audio_synth\synth\spk14_0145.wav,,,,146,2.5050340136054423,150,60,synth
spk14_0146,spk14,146,147,C:\Users\Administrator\Documents\govorne tehnologije\data\extracted\audio_synth\synth\spk14_0146.wav,,,,147,2.265034013605442,136,60,synth
spk14_0147,spk14,147,148,C:\Users\Administrator\Documents\govorne tehnologije\data\extracted\audio_synth\synth\spk14_0147.wav,,,,148,2.105034013605442,126,60,synth
spk14_0148,spk14,148,149,C:\Users\Administrator\Documents\govorne tehnologije\data\extracted\audio_synth\synth\spk14_0148.wav,,,,149,3.4550113378684806,207,60,synth
spk14_0149,spk14,149,150,C:\Users\Administrator\Documents\govorne tehnologije\data\extracted\audio_synth\synth\spk14_0149.wav,,,,150,3.020045351473923,181,60,synth
spk14_0150,spk14,150,151,C:\Users\Administrator\Documents\govorne tehnologije\data\extracted\audio_synth\synth\spk14_0150.wav,,,,151,1.8550113378684807,111,60,synth
spk14_0151,spk14,151,152,C:\Users\Administrator\Documents\govorne tehnologije\data\extracted\audio_synth\synth\spk14_0151.wav,,,,152,1.580045351473923,95,60,synth
spk14_0152,spk14,152,153,C:\Users\Administrator\Documents\govorne tehnologije\data\extracted\audio_synth\synth\spk14_0152.wav,,,,153,2.2400453514739227,134,60,synth
spk14_0153,spk14,153,154,C:\Users\Administrator\Documents\govorne tehnologije\data\extracted\audio_synth\synth\spk14_0153.wav,,,,154,1.9550113378684808,117,60,synth
spk14_0154,spk14,154,155,C:\Users\Administrator\Documents\govorne tehnologije\data\extracted\audio_synth\synth\spk14_0154.wav,,,,155,4.155011337868481,249,60,synth
spk14_0155,spk14,155,156,C:\Users\Administrator\Documents\govorne tehnologije\data\extracted\audio_synth\synth\spk14_0155.wav,,,,156,2.26,136,60,synth
spk14_0156,spk14,156,157,C:\Users\Administrator\Documents\govorne tehnologije\data\extracted\audio_synth\synth\spk14_0156.wav,,,,157,2.0750113378684807,125,60,synth
spk14_0157,spk14,157,158,C:\Users\Administrator\Documents\govorne tehnologije\data\extracted\audio_synth\synth\spk14_0157.wav,,,,158,3.4100226757369616,205,60,synth
spk14_0158,spk14,158,159,C:\Users\Administrator\Documents\govorne tehnologije\data\extracted\audio_synth\synth\spk14_0158.wav,,,,159,3.0700226757369613,184,60,synth
spk14_0159,spk14,159,160,C:\Users\Administrator\Documents\govorne tehnologije\data\extracted\audio_synth\synth\spk14_0159.wav,,,,160,3.0700226757369613,184,60,synth
spk14_0160,spk14,160,161,C:\Users\Administrator\Documents\govorne tehnologije\data\extracted\audio_synth\synth\spk14_0160.wav,,,,161,2.205034013605442,132,60,synth
spk14_0161,spk14,161,162,C:\Users\Administrator\Documents\govorne tehnologije\data\extracted\audio_synth\synth\spk14_0161.wav,,,,162,3.3000453514739228,198,60,synth
spk14_0162,spk14,162,163,C:\Users\Administrator\Documents\govorne tehnologije\data\extracted\audio_synth\synth\spk14_0162.wav,,,,163,2.865034013605442,172,60,synth
spk14_0163,spk14,163,164,C:\Users\Administrator\Documents\govorne tehnologije\data\extracted\audio_synth\synth\spk14_0163.wav,,,,164,2.5250340136054423,152,60,synth
spk14_0164,spk14,164,165,C:\Users\Administrator\Documents\govorne tehnologije\data\extracted\audio_synth\synth\spk14_0164.wav,,,,165,2.205034013605442,132,60,synth
spk14_0165,spk14,165,166,C:\Users\Administrator\Documents\govorne tehnologije\data\extracted\audio_synth\synth\spk14_0165.wav,,,,166,4.4800453514739225,269,60,synth
spk14_0166,spk14,166,167,C:\Users\Administrator\Documents\govorne tehnologije\data\extracted\audio_synth\synth\spk14_0166.wav,,,,167,3.235011337868481,194,60,synth
spk14_0167,spk14,167,168,C:\Users\Administrator\Documents\govorne tehnologije\data\extracted\audio_synth\synth\spk14_0167.wav,,,,168,3.4350113378684806,206,60,synth
spk14_0168,spk14,168,169,C:\Users\Administrator\Documents\govorne tehnologije\data\extracted\audio_synth\synth\spk14_0168.wav,,,,169,1.8950113378684807,114,60,synth
spk14_0169,spk14,169,170,C:\Users\Administrator\Documents\govorne tehnologije\data\extracted\audio_synth\synth\spk14_0169.wav,,,,170,3.4900226757369612,209,60,synth
spk14_0170,spk14,170,171,C:\Users\Administrator\Documents\govorne tehnologije\data\extracted\audio_synth\synth\spk14_0170.wav,,,,171,2.040045351473923,122,60,synth
spk14_0171,spk14,171,172,C:\Users\Administrator\Documents\govorne tehnologije\data\extracted\audio_synth\synth\spk14_0171.wav,,,,172,5.67501133786848,341,60,synth
spk14_0172,spk14,172,173,C:\Users\Administrator\Documents\govorne tehnologije\data\extracted\audio_synth\synth\spk14_0172.wav,,,,173,3.120045351473923,187,60,synth
spk14_0173,spk14,173,174,C:\Users\Administrator\Documents\govorne tehnologije\data\extracted\audio_synth\synth\spk14_0173.wav,,,,174,3.6500226757369614,219,60,synth
spk14_0174,spk14,174,175,C:\Users\Administrator\Documents\govorne tehnologije\data\extracted\audio_synth\synth\spk14_0174.wav,,,,175,2.305034013605442,138,60,synth
spk14_0175,spk14,175,176,C:\Users\Administrator\Documents\govorne tehnologije\data\extracted\audio_synth\synth\spk14_0175.wav,,,,176,2.5950113378684807,156,60,synth
spk14_0176,spk14,176,177,C:\Users\Administrator\Documents\govorne tehnologije\data\extracted\audio_synth\synth\spk14_0176.wav,,,,177,3.6700226757369614,220,60,synth
spk14_0177,spk14,177,178,C:\Users\Administrator\Documents\govorne tehnologije\data\extracted\audio_synth\synth\spk14_0177.wav,,,,178,1.7050340136054423,102,60,synth
spk14_0178,spk14,178,179,C:\Users\Administrator\Documents\govorne tehnologije\data\extracted\audio_synth\synth\spk14_0178.wav,,,,179,3.0150113378684806,181,60,synth
spk14_0179,spk14,179,180,C:\Users\Administrator\Documents\govorne tehnologije\data\extracted\audio_synth\synth\spk14_0179.wav,,,,180,2.8700226757369616,172,60,synth
